-- phpMyAdmin SQL Dump
-- version 4.7.4
-- https://www.phpmyadmin.net/
--
-- Host: 127.0.0.1
-- Generation Time: Jun 16, 2021 at 08:41 PM
-- Server version: 10.1.28-MariaDB
-- PHP Version: 7.1.10

SET SQL_MODE = "NO_AUTO_VALUE_ON_ZERO";
SET AUTOCOMMIT = 0;
START TRANSACTION;
SET time_zone = "+00:00";


/*!40101 SET @OLD_CHARACTER_SET_CLIENT=@@CHARACTER_SET_CLIENT */;
/*!40101 SET @OLD_CHARACTER_SET_RESULTS=@@CHARACTER_SET_RESULTS */;
/*!40101 SET @OLD_COLLATION_CONNECTION=@@COLLATION_CONNECTION */;
/*!40101 SET NAMES utf8mb4 */;

--
-- Database: `ems`
--

-- --------------------------------------------------------

--
-- Table structure for table `alogin`
--

CREATE TABLE `alogin` (
  `id` int(11) NOT NULL,
  `email` tinytext NOT NULL,
  `password` longtext NOT NULL,
  `otp` varchar(20) DEFAULT NULL,
  `number` varchar(20) DEFAULT NULL
) ENGINE=InnoDB DEFAULT CHARSET=latin1;

--
-- Dumping data for table `alogin`
--

INSERT INTO `alogin` (`id`, `email`, `password`, `otp`, `number`) VALUES
(1, 'admin@gmail.com', 'admin', '5781', '+26777683784');

-- --------------------------------------------------------

--
-- Table structure for table `employee`
--

CREATE TABLE `employee` (
  `id` int(11) NOT NULL,
  `firstName` varchar(100) NOT NULL,
  `lastName` varchar(100) NOT NULL,
  `email` varchar(100) NOT NULL,
  `password` text NOT NULL,
  `birthday` date NOT NULL,
  `gender` varchar(10) NOT NULL,
  `contact` varchar(20) NOT NULL,
  `nid` int(20) NOT NULL,
  `address` varchar(100) DEFAULT NULL,
  `dept` varchar(100) NOT NULL,
  `degree` varchar(100) NOT NULL,
  `pic` text NOT NULL,
  `otp` varchar(20) DEFAULT NULL
) ENGINE=InnoDB DEFAULT CHARSET=latin1;

--
-- Dumping data for table `employee`
--

INSERT INTO `employee` (`id`, `firstName`, `lastName`, `email`, `password`, `birthday`, `gender`, `contact`, `nid`, `address`, `dept`, `degree`, `pic`, `otp`) VALUES
(2, 'John', 'Smith', 'john@gmail.com', 'john', '2020-09-01', 'Male', '0999999999', 1, 'New York', 'IT', 'Waterboy', 'images/default.jpg', NULL),
(6, 'test', 'test', 'test@gmail.com', '1234', '2020-09-06', 'Male', '09998383737', 4, 'test', 'test', 'test', 'images/d.jpg', NULL),
(7, 'Koketso', 'Morapedi', 'kk@gmail.com', '1234', '2025-12-12', 'Male', '+26777683784', 1234, 'Box 430 Masunga', 'Trucks', 'Driver', 'images/taxi.png', '5464');

-- --------------------------------------------------------

--
-- Table structure for table `employeeleave`
--

CREATE TABLE `employeeleave` (
  `id` int(11) DEFAULT NULL,
  `token` int(11) NOT NULL,
  `start` date DEFAULT NULL,
  `end` date DEFAULT NULL,
  `reason` char(100) DEFAULT NULL,
  `status` char(50) DEFAULT NULL
) ENGINE=InnoDB DEFAULT CHARSET=latin1;

--
-- Dumping data for table `employeeleave`
--

INSERT INTO `employeeleave` (`id`, `token`, `start`, `end`, `reason`, `status`) VALUES
(2, 1, '2020-09-03', '2020-09-05', 'COVID-19', 'Approved'),
(2, 3, '2020-09-10', '2020-09-12', 'May Lagnat', 'Approved'),
(6, 7, '2021-06-21', '2021-06-23', 'wedding', 'Pending');

-- --------------------------------------------------------

--
-- Table structure for table `leavedays`
--

CREATE TABLE `leavedays` (
  `Name` varchar(20) NOT NULL,
  `id` int(10) NOT NULL,
  `available` int(70) NOT NULL
) ENGINE=InnoDB DEFAULT CHARSET=latin1;

--
-- Dumping data for table `leavedays`
--

INSERT INTO `leavedays` (`Name`, `id`, `available`) VALUES
('John', 2, 20),
('John', 2, 20),
('test', 6, 20),
('Koketso', 7, 20);

-- --------------------------------------------------------

--
-- Table structure for table `project`
--

CREATE TABLE `project` (
  `pid` int(11) NOT NULL,
  `eid` int(11) DEFAULT NULL,
  `pname` varchar(100) DEFAULT NULL,
  `duedate` date DEFAULT NULL,
  `subdate` date DEFAULT '0000-00-00',
  `mark` int(11) NOT NULL,
  `status` varchar(50) DEFAULT NULL
) ENGINE=InnoDB DEFAULT CHARSET=latin1;

--
-- Dumping data for table `project`
--

INSERT INTO `project` (`pid`, `eid`, `pname`, `duedate`, `subdate`, `mark`, `status`) VALUES
(1, 2, 'Junkyard', '2020-09-26', '2020-09-04', 1, 'Submitted'),
(2, 6, 'Tire Fix', '2021-06-13', '0000-00-00', 29, 'Due');

-- --------------------------------------------------------

--
-- Table structure for table `rank`
--

CREATE TABLE `rank` (
  `eid` int(11) NOT NULL,
  `points` int(11) DEFAULT '0'
) ENGINE=InnoDB DEFAULT CHARSET=latin1;

--
-- Dumping data for table `rank`
--

INSERT INTO `rank` (`eid`, `points`) VALUES
(2, 0),
(6, 29),
(7, 0);

-- --------------------------------------------------------

--
-- Table structure for table `salary`
--

CREATE TABLE `salary` (
  `id` int(11) NOT NULL,
  `base` int(11) NOT NULL,
  `bonus` int(11) DEFAULT NULL,
  `total` int(11) DEFAULT NULL
) ENGINE=InnoDB DEFAULT CHARSET=latin1;

--
-- Dumping data for table `salary`
--

INSERT INTO `salary` (`id`, `base`, `bonus`, `total`) VALUES
(2, 500, 0, 500),
(6, 1000, 29, 1290),
(7, 2540, 0, 2540);

--
-- Indexes for dumped tables
--

--
-- Indexes for table `alogin`
--
ALTER TABLE `alogin`
  ADD PRIMARY KEY (`id`);

--
-- Indexes for table `employee`
--
ALTER TABLE `employee`
  ADD PRIMARY KEY (`id`),
  ADD UNIQUE KEY `email` (`email`);

--
-- Indexes for table `employeeleave`
--
ALTER TABLE `employeeleave`
  ADD PRIMARY KEY (`token`),
  ADD KEY `employee_leave_ibfk_1` (`id`);

--
-- Indexes for table `project`
--
ALTER TABLE `project`
  ADD PRIMARY KEY (`pid`),
  ADD KEY `project_ibfk_1` (`eid`);

--
-- Indexes for table `rank`
--
ALTER TABLE `rank`
  ADD PRIMARY KEY (`eid`);

--
-- Indexes for table `salary`
--
ALTER TABLE `salary`
  ADD PRIMARY KEY (`id`);

--
-- AUTO_INCREMENT for dumped tables
--

--
-- AUTO_INCREMENT for table `alogin`
--
ALTER TABLE `alogin`
  MODIFY `id` int(11) NOT NULL AUTO_INCREMENT, AUTO_INCREMENT=2;

--
-- AUTO_INCREMENT for table `employee`
--
ALTER TABLE `employee`
  MODIFY `id` int(11) NOT NULL AUTO_INCREMENT, AUTO_INCREMENT=8;

--
-- AUTO_INCREMENT for table `employeeleave`
--
ALTER TABLE `employeeleave`
  MODIFY `token` int(11) NOT NULL AUTO_INCREMENT, AUTO_INCREMENT=8;

--
-- AUTO_INCREMENT for table `project`
--
ALTER TABLE `project`
  MODIFY `pid` int(11) NOT NULL AUTO_INCREMENT, AUTO_INCREMENT=3;

--
-- Constraints for dumped tables
--

--
-- Constraints for table `employeeleave`
--
ALTER TABLE `employeeleave`
  ADD CONSTRAINT `employeeleave_ibfk_1` FOREIGN KEY (`id`) REFERENCES `employee` (`id`) ON DELETE CASCADE ON UPDATE CASCADE;

--
-- Constraints for table `project`
--
ALTER TABLE `project`
  ADD CONSTRAINT `project_ibfk_1` FOREIGN KEY (`eid`) REFERENCES `employee` (`id`) ON DELETE CASCADE ON UPDATE CASCADE;

--
-- Constraints for table `rank`
--
ALTER TABLE `rank`
  ADD CONSTRAINT `rank_ibfk_1` FOREIGN KEY (`eid`) REFERENCES `employee` (`id`) ON DELETE CASCADE ON UPDATE CASCADE;

--
-- Constraints for table `salary`
--
ALTER TABLE `salary`
  ADD CONSTRAINT `salary_ibfk_1` FOREIGN KEY (`id`) REFERENCES `employee` (`id`) ON DELETE CASCADE ON UPDATE CASCADE;
COMMIT;

/*!40101 SET CHARACTER_SET_CLIENT=@OLD_CHARACTER_SET_CLIENT */;
/*!40101 SET CHARACTER_SET_RESULTS=@OLD_CHARACTER_SET_RESULTS */;
/*!40101 SET COLLATION_CONNECTION=@OLD_COLLATION_CONNECTION */;
